Number,sample,fq1,fq2,Subject,Abbrv,reps,,Lines,Genotype/Accesion IDs,Source,Category
1,S9-FBB0-1,S9-FBB0-1_L001_R1_001.fastq.gz,S9-FBB0-1_L001_R2_001.fastq.gz,S9,FBB0,1,,,,,FBB0
2,S9-FBB0-2,S9-FBB0-2_L001_R1_001.fastq.gz,S9-FBB0-2_L001_R2_001.fastq.gz,S9,FBB0,2,,,,,FBB0
3,S9-FBB0-3,S9-FBB0-3_L001_R1_001.fastq.gz,S9-FBB0-3_L001_R2_001.fastq.gz,S9,FBB0,3,,,,,FBB0
4,S9-FBB16-1,S9-FBB16-1_L001_R1_001.fastq.gz,S9-FBB16-1_L001_R2_001.fastq.gz,S9,FBB16,1,,,,,FBB16
5,S9-FBB16-2,S9-FBB16-2_L001_R1_001.fastq.gz,S9-FBB16-2_L001_R2_001.fastq.gz,S9,FBB16,2,,,,,FBB16
6,S9-FBB16-3,S9-FBB16-3_L001_R1_001.fastq.gz,S9-FBB16-3_L001_R2_001.fastq.gz,S9,FBB16,3,,,,,FBB16
7,S9-L27-1,S9-L27-1_L001_R1_001.fastq.gz,S9-L27-1_L001_R2_001.fastq.gz,S9,L27,1,27,LR1,AMES 8235,Xu et al. 2020,Landrace
8,S9-L27-2,S9-L27-2_L001_R1_001.fastq.gz,S9-L27-2_L001_R2_001.fastq.gz,S9,L27,2,27,LR1,AMES 8235,Xu et al. 2020,Landrace
9,S9-L27-3,S9-L27-3_L001_R1_001.fastq.gz,S9-L27-3_L001_R2_001.fastq.gz,S9,L27,3,27,LR1,AMES 8235,Xu et al. 2020,Landrace
10,S9-L28-1,S9-L28-1_L001_R1_001.fastq.gz,S9-L28-1_L001_R2_001.fastq.gz,S9,L28,1,28,LR17,AMES 21969,NA,Landrace
11,S9-L28-2,S9-L28-2_L001_R1_001.fastq.gz,S9-L28-2_L001_R2_001.fastq.gz,S9,L28,2,28,LR17,AMES 21969,NA,Landrace
12,S9-L28-3,S9-L28-3_L001_R1_001.fastq.gz,S9-L28-3_L001_R2_001.fastq.gz,S9,L28,3,28,LR17,AMES 21969,NA,Landrace
13,S9-L29-1,S9-L29-1_L001_R1_001.fastq.gz,S9-L29-1_L001_R2_001.fastq.gz,S9,L29,1,29,LR25,NSL 202125,NA,Landrace
14,S9-L29-2,S9-L29-2_L001_R1_001.fastq.gz,S9-L29-2_L001_R2_001.fastq.gz,S9,L29,2,29,LR25,NSL 202125,NA,Landrace
15,S9-L29-3,S9-L29-3_L001_R1_001.fastq.gz,S9-L29-3_L001_R2_001.fastq.gz,S9,L29,3,29,LR25,NSL 202125,NA,Landrace
16,S9-L30-1,S9-L30-1_L001_R1_001.fastq.gz,S9-L30-1_L001_R2_001.fastq.gz,S9,L30,1,30,LR18,NSL 30874,NA,Landrace
17,S9-L30-2,S9-L30-2_L001_R1_001.fastq.gz,S9-L30-2_L001_R2_001.fastq.gz,S9,L30,2,30,LR18,NSL 30874,NA,Landrace
18,S9-L30-3,S9-L30-3_L001_R1_001.fastq.gz,S9-L30-3_L001_R2_001.fastq.gz,S9,L30,3,30,LR18,NSL 30874,NA,Landrace
19,S9-L31-1,S9-L31-1_L001_R1_001.fastq.gz,S9-L31-1_L001_R2_001.fastq.gz,S9,L31,1,31,LR24,PI 167991,NA,Landrace
20,S9-L31-2,S9-L31-2_L001_R1_001.fastq.gz,S9-L31-2_L001_R2_001.fastq.gz,S9,L31,2,31,LR24,PI 167991,NA,Landrace
21,S9-L31-3,S9-L31-3_L001_R1_001.fastq.gz,S9-L31-3_L001_R2_001.fastq.gz,S9,L31,3,31,LR24,PI 167991,NA,Landrace
22,S9-L32-1,S9-L32-1_L001_R1_001.fastq.gz,S9-L32-1_L001_R2_001.fastq.gz,S9,L32,1,32,LR23,PI 168001,NA,Landrace
23,S9-L32-2,S9-L32-2_L001_R1_001.fastq.gz,S9-L32-2_L001_R2_001.fastq.gz,S9,L32,2,32,LR23,PI 168001,NA,Landrace
24,S9-L32-3,S9-L32-3_L001_R1_001.fastq.gz,S9-L32-3_L001_R2_001.fastq.gz,S9,L32,3,32,LR23,PI 168001,NA,Landrace
25,S9-L33-1,S9-L33-1_L001_R1_001.fastq.gz,S9-L33-1_L001_R2_001.fastq.gz,S9,L33,1,33,LR21,PI 170882,NA,Landrace
26,S9-L33-2,S9-L33-2_L001_R1_001.fastq.gz,S9-L33-2_L001_R2_001.fastq.gz,S9,L33,2,33,LR21,PI 170882,NA,Landrace
27,S9-L33-3,S9-L33-3_L001_R1_001.fastq.gz,S9-L33-3_L001_R2_001.fastq.gz,S9,L33,3,33,LR21,PI 170882,NA,Landrace
28,S9-L34-1,S9-L34-1_L001_R1_001.fastq.gz,S9-L34-1_L001_R2_001.fastq.gz,S9,L34,1,34,LR22,PI 183639,NA,Landrace
29,S9-L34-2,S9-L34-2_L001_R1_001.fastq.gz,S9-L34-2_L001_R2_001.fastq.gz,S9,L34,2,34,LR22,PI 183639,NA,Landrace
30,S9-L34-3,S9-L34-3_L001_R1_001.fastq.gz,S9-L34-3_L001_R2_001.fastq.gz,S9,L34,3,34,LR22,PI 183639,NA,Landrace
31,S9-L35-1,S9-L35-1_L001_R1_001.fastq.gz,S9-L35-1_L001_R2_001.fastq.gz,S9,L35,1,35,LR2,PI 620767,Xu et al. 2020,Landrace
32,S9-L35-2,S9-L35-2_L001_R1_001.fastq.gz,S9-L35-2_L001_R2_001.fastq.gz,S9,L35,2,35,LR2,PI 620767,Xu et al. 2020,Landrace
33,S9-L35-3,S9-L35-3_L001_R1_001.fastq.gz,S9-L35-3_L001_R2_001.fastq.gz,S9,L35,3,35,LR2,PI 620767,Xu et al. 2020,Landrace
34,S9-L36-1,S9-L36-1_L001_R1_001.fastq.gz,S9-L36-1_L001_R2_001.fastq.gz,S9,L36,1,36,LR3,PI 620773,Xu et al. 2020,Landrace
35,S9-L36-2,S9-L36-2_L001_R1_001.fastq.gz,S9-L36-2_L001_R2_001.fastq.gz,S9,L36,2,36,LR3,PI 620773,Xu et al. 2020,Landrace
36,S9-L36-3,S9-L36-3_L001_R1_001.fastq.gz,S9-L36-3_L001_R2_001.fastq.gz,S9,L36,3,36,LR3,PI 620773,Xu et al. 2020,Landrace
37,S9-L37-1,S9-L37-1_L001_R1_001.fastq.gz,S9-L37-1_L001_R2_001.fastq.gz,S9,L37,1,37,LR4,PI 620774,Xu et al. 2020,Landrace
38,S9-L37-2,S9-L37-2_L001_R1_001.fastq.gz,S9-L37-2_L001_R2_001.fastq.gz,S9,L37,2,37,LR4,PI 620774,Xu et al. 2020,Landrace
39,S9-L37-3,S9-L37-3_L001_R1_001.fastq.gz,S9-L37-3_L001_R2_001.fastq.gz,S9,L37,3,37,LR4,PI 620774,Xu et al. 2020,Landrace
40,S9-L38-1,S9-L38-1_L001_R1_001.fastq.gz,S9-L38-1_L001_R2_001.fastq.gz,S9,L38,1,38,LR5,PI 620785,Xu et al. 2020,Landrace
41,S9-L38-2,S9-L38-2_L001_R1_001.fastq.gz,S9-L38-2_L001_R2_001.fastq.gz,S9,L38,2,38,LR5,PI 620785,Xu et al. 2020,Landrace
42,S9-L38-3,S9-L38-3_L001_R1_001.fastq.gz,S9-L38-3_L001_R2_001.fastq.gz,S9,L38,3,38,LR5,PI 620785,Xu et al. 2020,Landrace
43,S9-L39-1,S9-L39-1_L001_R1_001.fastq.gz,S9-L39-1_L001_R2_001.fastq.gz,S9,L39,1,39,LR6,PI 620797,Xu et al. 2020,Landrace
44,S9-L39-2,S9-L39-2_L001_R1_001.fastq.gz,S9-L39-2_L001_R2_001.fastq.gz,S9,L39,2,39,LR6,PI 620797,Xu et al. 2020,Landrace
45,S9-L39-3,S9-L39-3_L001_R1_001.fastq.gz,S9-L39-3_L001_R2_001.fastq.gz,S9,L39,3,39,LR6,PI 620797,Xu et al. 2020,Landrace
46,S9-L40-1,S9-L40-1_L001_R1_001.fastq.gz,S9-L40-1_L001_R2_001.fastq.gz,S9,L40,1,40,LR7,PI 620819,Xu et al. 2020,Landrace
47,S9-L40-2,S9-L40-2_L001_R1_001.fastq.gz,S9-L40-2_L001_R2_001.fastq.gz,S9,L40,2,40,LR7,PI 620819,Xu et al. 2020,Landrace
48,S9-L40-3,S9-L40-3_L001_R1_001.fastq.gz,S9-L40-3_L001_R2_001.fastq.gz,S9,L40,3,40,LR7,PI 620819,Xu et al. 2020,Landrace
49,S9-L41-1,S9-L41-1_L001_R1_001.fastq.gz,S9-L41-1_L001_R2_001.fastq.gz,S9,L41,1,41,LR8,PI 620821,Xu et al. 2020,Landrace
50,S9-L41-2,S9-L41-2_L001_R1_001.fastq.gz,S9-L41-2_L001_R2_001.fastq.gz,S9,L41,2,41,LR8,PI 620821,Xu et al. 2020,Landrace
51,S9-L41-3,S9-L41-3_L001_R1_001.fastq.gz,S9-L41-3_L001_R2_001.fastq.gz,S9,L41,3,41,LR8,PI 620821,Xu et al. 2020,Landrace
52,S9-L42-1,S9-L42-1_L001_R1_001.fastq.gz,S9-L42-1_L001_R2_001.fastq.gz,S9,L42,1,42,LR9,PI 620834,Xu et al. 2020,Landrace
53,S9-L42-2,S9-L42-2_L001_R1_001.fastq.gz,S9-L42-2_L001_R2_001.fastq.gz,S9,L42,2,42,LR9,PI 620834,Xu et al. 2020,Landrace
54,S9-L42-3,S9-L42-3_L001_R1_001.fastq.gz,S9-L42-3_L001_R2_001.fastq.gz,S9,L42,3,42,LR9,PI 620834,Xu et al. 2020,Landrace
55,S9-L43-1,S9-L43-1_L001_R1_001.fastq.gz,S9-L43-1_L001_R2_001.fastq.gz,S9,L43,1,43,LR10,PI 620842,Xu et al. 2020,Landrace
56,S9-L43-2,S9-L43-2_L001_R1_001.fastq.gz,S9-L43-2_L001_R2_001.fastq.gz,S9,L43,2,43,LR10,PI 620842,Xu et al. 2020,Landrace
57,S9-L43-3,S9-L43-3_L001_R1_001.fastq.gz,S9-L43-3_L001_R2_001.fastq.gz,S9,L43,3,43,LR10,PI 620842,Xu et al. 2020,Landrace
58,S9-L44-1,S9-L44-1_L001_R1_001.fastq.gz,S9-L44-1_L001_R2_001.fastq.gz,S9,L44,1,44,LR11,PI 620846,Xu et al. 2020,Landrace
59,S9-L44-2,S9-L44-2_L001_R1_001.fastq.gz,S9-L44-2_L001_R2_001.fastq.gz,S9,L44,2,44,LR11,PI 620846,Xu et al. 2020,Landrace
60,S9-L44-3,S9-L44-3_L001_R1_001.fastq.gz,S9-L44-3_L001_R2_001.fastq.gz,S9,L44,3,44,LR11,PI 620846,Xu et al. 2020,Landrace
61,S9-L45-1,S9-L45-1_L001_R1_001.fastq.gz,S9-L45-1_L001_R2_001.fastq.gz,S9,L45,1,45,LR12,PI 620856,Xu et al. 2020,Landrace
62,S9-L45-2,S9-L45-2_L001_R1_001.fastq.gz,S9-L45-2_L001_R2_001.fastq.gz,S9,L45,2,45,LR12,PI 620856,Xu et al. 2020,Landrace
63,S9-L45-3,S9-L45-3_L001_R1_001.fastq.gz,S9-L45-3_L001_R2_001.fastq.gz,S9,L45,3,45,LR12,PI 620856,Xu et al. 2020,Landrace
64,S9-L46-1,S9-L46-1_L001_R1_001.fastq.gz,S9-L46-1_L001_R2_001.fastq.gz,S9,L46,1,46,LR13,PI 620859,Xu et al. 2020,Landrace
65,S9-L46-2,S9-L46-2_L001_R1_001.fastq.gz,S9-L46-2_L001_R2_001.fastq.gz,S9,L46,2,46,LR13,PI 620859,Xu et al. 2020,Landrace
66,S9-L46-3,S9-L46-3_L001_R1_001.fastq.gz,S9-L46-3_L001_R2_001.fastq.gz,S9,L46,3,46,LR13,PI 620859,Xu et al. 2020,Landrace
67,S9-L47-1,S9-L47-1_L001_R1_001.fastq.gz,S9-L47-1_L001_R2_001.fastq.gz,S9,L47,1,47,LR14,PI 620860,Xu et al. 2020,Landrace
68,S9-L47-2,S9-L47-2_L001_R1_001.fastq.gz,S9-L47-2_L001_R2_001.fastq.gz,S9,L47,2,47,LR14,PI 620860,Xu et al. 2020,Landrace
69,S9-L47-3,S9-L47-3_L001_R1_001.fastq.gz,S9-L47-3_L001_R2_001.fastq.gz,S9,L47,3,47,LR14,PI 620860,Xu et al. 2020,Landrace
70,S9-L48-1,S9-L48-1_L001_R1_001.fastq.gz,S9-L48-1_L001_R2_001.fastq.gz,S9,L48,1,48,LR15,PI 628503,Xu et al. 2020,Landrace
71,S9-L48-2,S9-L48-2_L001_R1_001.fastq.gz,S9-L48-2_L001_R2_001.fastq.gz,S9,L48,2,48,LR15,PI 628503,Xu et al. 2020,Landrace
72,S9-L48-3,S9-L48-3_L001_R1_001.fastq.gz,S9-L48-3_L001_R2_001.fastq.gz,S9,L48,3,48,LR15,PI 628503,Xu et al. 2020,Landrace
73,S9-L49-1,S9-L49-1_L001_R1_001.fastq.gz,S9-L49-1_L001_R2_001.fastq.gz,S9,L49,1,49,LR16,PI 628514,Xu et al. 2020,Landrace
74,S9-L49-2,S9-L49-2_L001_R1_001.fastq.gz,S9-L49-2_L001_R2_001.fastq.gz,S9,L49,2,49,LR16,PI 628514,Xu et al. 2020,Landrace
75,S9-L49-3,S9-L49-3_L001_R1_001.fastq.gz,S9-L49-3_L001_R2_001.fastq.gz,S9,L49,3,49,LR16,PI 628514,Xu et al. 2020,Landrace
76,S9-L50-1,S9-L50-1_L001_R1_001.fastq.gz,S9-L50-1_L001_R2_001.fastq.gz,S9,L50,1,50,LR19,PI 686064,NA,Landrace
77,S9-L50-2,S9-L50-2_L001_R1_001.fastq.gz,S9-L50-2_L001_R2_001.fastq.gz,S9,L50,2,50,LR19,PI 686064,NA,Landrace
78,S9-L50-3,S9-L50-3_L001_R1_001.fastq.gz,S9-L50-3_L001_R2_001.fastq.gz,S9,L50,3,50,LR19,PI 686064,NA,Landrace
79,S9-M1-1,S9-M1-1_L001_R1_001.fastq.gz,S9-M1-1_L001_R2_001.fastq.gz,S9,M1,1,1,MZ17,A619,Hapmap3,Modern maize
80,S9-M1-2,S9-M1-2_L001_R1_001.fastq.gz,S9-M1-2_L001_R2_001.fastq.gz,S9,M1,2,1,MZ17,A619,Hapmap3,Modern maize
81,S9-M1-3,S9-M1-3_L001_R1_001.fastq.gz,S9-M1-3_L001_R2_001.fastq.gz,S9,M1,3,1,MZ17,A619,Hapmap3,Modern maize
82,S9-M10-1,S9-M10-1_L001_R1_001.fastq.gz,S9-M10-1_L001_R2_001.fastq.gz,S9,M10,1,10,MZ4,Il14H,NAM Parents,Modern maize
83,S9-M10-2,S9-M10-2_L001_R1_001.fastq.gz,S9-M10-2_L001_R2_001.fastq.gz,S9,M10,2,10,MZ4,Il14H,NAM Parents,Modern maize
84,S9-M10-3,S9-M10-3_L001_R1_001.fastq.gz,S9-M10-3_L001_R2_001.fastq.gz,S9,M10,3,10,MZ4,Il14H,NAM Parents,Modern maize
85,S9-M13-1,S9-M13-1_L001_R1_001.fastq.gz,S9-M13-1_L001_R2_001.fastq.gz,S9,M13,1,13,MZ6,M37W,NAM Parents,Modern maize
86,S9-M13-2,S9-M13-2_L001_R1_001.fastq.gz,S9-M13-2_L001_R2_001.fastq.gz,S9,M13,2,13,MZ6,M37W,NAM Parents,Modern maize
87,S9-M13-3,S9-M13-3_L001_R1_001.fastq.gz,S9-M13-3_L001_R2_001.fastq.gz,S9,M13,3,13,MZ6,M37W,NAM Parents,Modern maize
88,S9-M14-1,S9-M14-1_L001_R1_001.fastq.gz,S9-M14-1_L001_R2_001.fastq.gz,S9,M14,1,14,MZ7,M162W,NAM Parents,Modern maize
89,S9-M14-2,S9-M14-2_L001_R1_001.fastq.gz,S9-M14-2_L001_R2_001.fastq.gz,S9,M14,2,14,MZ7,M162W,NAM Parents,Modern maize
90,S9-M14-3,S9-M14-3_L001_R1_001.fastq.gz,S9-M14-3_L001_R2_001.fastq.gz,S9,M14,3,14,MZ7,M162W,NAM Parents,Modern maize
91,S9-M15-1,S9-M15-1_L001_R1_001.fastq.gz,S9-M15-1_L001_R2_001.fastq.gz,S9,M15,1,15,MZ9,Mo18W,NAM Parents,Modern maize
92,S9-M15-2,S9-M15-2_L001_R1_001.fastq.gz,S9-M15-2_L001_R2_001.fastq.gz,S9,M15,2,15,MZ9,Mo18W,NAM Parents,Modern maize
93,S9-M15-3,S9-M15-3_L001_R1_001.fastq.gz,S9-M15-3_L001_R2_001.fastq.gz,S9,M15,3,15,MZ9,Mo18W,NAM Parents,Modern maize
94,S9-M16-1,S9-M16-1_L001_R1_001.fastq.gz,S9-M16-1_L001_R2_001.fastq.gz,S9,M16,1,16,MZ11,Ms71,NAM Parents,Modern maize
95,S9-M16-2,S9-M16-2_L001_R1_001.fastq.gz,S9-M16-2_L001_R2_001.fastq.gz,S9,M16,2,16,MZ11,Ms71,NAM Parents,Modern maize
96,S9-M16-3,S9-M16-3_L001_R1_001.fastq.gz,S9-M16-3_L001_R2_001.fastq.gz,S9,M16,3,16,MZ11,Ms71,NAM Parents,Modern maize
97,S9-M17-1,S9-M17-1_L001_R1_001.fastq.gz,S9-M17-1_L001_R2_001.fastq.gz,S9,M17,1,17,MZ23,MS153,Hapmap3,Modern maize
98,S9-M17-2,S9-M17-2_L001_R1_001.fastq.gz,S9-M17-2_L001_R2_001.fastq.gz,S9,M17,2,17,MZ23,MS153,Hapmap3,Modern maize
99,S9-M17-3,S9-M17-3_L001_R1_001.fastq.gz,S9-M17-3_L001_R2_001.fastq.gz,S9,M17,3,17,MZ23,MS153,Hapmap3,Modern maize
100,S9-M18-1,S9-M18-1_L001_R1_001.fastq.gz,S9-M18-1_L001_R2_001.fastq.gz,S9,M18,1,18,MZ15,Mt42,Hapmap3,Modern maize
101,S9-M18-2,S9-M18-2_L001_R1_001.fastq.gz,S9-M18-2_L001_R2_001.fastq.gz,S9,M18,2,18,MZ15,Mt42,Hapmap3,Modern maize
102,S9-M18-3,S9-M18-3_L001_R1_001.fastq.gz,S9-M18-3_L001_R2_001.fastq.gz,S9,M18,3,18,MZ15,Mt42,Hapmap3,Modern maize
103,S9-M19-1,S9-M19-1_L001_R1_001.fastq.gz,S9-M19-1_L001_R2_001.fastq.gz,S9,M19,1,19,MZ16,NC222,Hapmap3,Modern maize
104,S9-M19-2,S9-M19-2_L001_R1_001.fastq.gz,S9-M19-2_L001_R2_001.fastq.gz,S9,M19,2,19,MZ16,NC222,Hapmap3,Modern maize
105,S9-M2-1,S9-M2-1_L001_R1_001.fastq.gz,S9-M2-1_L001_R2_001.fastq.gz,S9,M2,1,2,MZ21,A635,Hapmap3,Modern maize
106,S9-M2-2,S9-M2-2_L001_R1_001.fastq.gz,S9-M2-2_L001_R2_001.fastq.gz,S9,M2,2,2,MZ21,A635,Hapmap3,Modern maize
107,S9-M2-3,S9-M2-3_L001_R1_001.fastq.gz,S9-M2-3_L001_R2_001.fastq.gz,S9,M2,3,2,MZ21,A635,Hapmap3,Modern maize
108,S9-M20-1,S9-M20-1_L001_R1_001.fastq.gz,S9-M20-1_L001_R2_001.fastq.gz,S9,M20,1,20,MZ12,NC230,Hapmap3,Modern maize
109,S9-M20-2,S9-M20-2_L001_R1_001.fastq.gz,S9-M20-2_L001_R2_001.fastq.gz,S9,M20,2,20,MZ12,NC230,Hapmap3,Modern maize
110,S9-M20-3,S9-M20-3_L001_R1_001.fastq.gz,S9-M20-3_L001_R2_001.fastq.gz,S9,M20,3,20,MZ12,NC230,Hapmap3,Modern maize
111,S9-M21-1,S9-M21-1_L001_R1_001.fastq.gz,S9-M21-1_L001_R2_001.fastq.gz,S9,M21,1,21,MZ8,NC358,NAM Parents,Modern maize
112,S9-M21-2,S9-M21-2_L001_R1_001.fastq.gz,S9-M21-2_L001_R2_001.fastq.gz,S9,M21,2,21,MZ8,NC358,NAM Parents,Modern maize
113,S9-M21-3,S9-M21-3_L001_R1_001.fastq.gz,S9-M21-3_L001_R2_001.fastq.gz,S9,M21,3,21,MZ8,NC358,NAM Parents,Modern maize
114,S9-M22-1,S9-M22-1_L001_R1_001.fastq.gz,S9-M22-1_L001_R2_001.fastq.gz,S9,M22,1,22,MZ3,Oh7B,NAM Parents,Modern maize
115,S9-M22-2,S9-M22-2_L001_R1_001.fastq.gz,S9-M22-2_L001_R2_001.fastq.gz,S9,M22,2,22,MZ3,Oh7B,NAM Parents,Modern maize
116,S9-M22-3,S9-M22-3_L001_R1_001.fastq.gz,S9-M22-3_L001_R2_001.fastq.gz,S9,M22,3,22,MZ3,Oh7B,NAM Parents,Modern maize
117,S9-M23-1,S9-M23-1_L001_R1_001.fastq.gz,S9-M23-1_L001_R2_001.fastq.gz,S9,M23,1,23,MZ2,Oh43,NAM Parents,Modern maize
118,S9-M23-2,S9-M23-2_L001_R1_001.fastq.gz,S9-M23-2_L001_R2_001.fastq.gz,S9,M23,2,23,MZ2,Oh43,NAM Parents,Modern maize
119,S9-M23-3,S9-M23-3_L001_R1_001.fastq.gz,S9-M23-3_L001_R2_001.fastq.gz,S9,M23,3,23,MZ2,Oh43,NAM Parents,Modern maize
120,S9-M24-1,S9-M24-1_L001_R1_001.fastq.gz,S9-M24-1_L001_R2_001.fastq.gz,S9,M24,1,24,MZ18,VA22,Hapmap3,Modern maize
121,S9-M24-2,S9-M24-2_L001_R1_001.fastq.gz,S9-M24-2_L001_R2_001.fastq.gz,S9,M24,2,24,MZ18,VA22,Hapmap3,Modern maize
122,S9-M24-3,S9-M24-3_L001_R1_001.fastq.gz,S9-M24-3_L001_R2_001.fastq.gz,S9,M24,3,24,MZ18,VA22,Hapmap3,Modern maize
123,S9-M25-1,S9-M25-1_L001_R1_001.fastq.gz,S9-M25-1_L001_R2_001.fastq.gz,S9,M25,1,25,MZ13,VA59,Hapmap3,Modern maize
124,S9-M25-2,S9-M25-2_L001_R1_001.fastq.gz,S9-M25-2_L001_R2_001.fastq.gz,S9,M25,2,25,MZ13,VA59,Hapmap3,Modern maize
125,S9-M25-3,S9-M25-3_L001_R1_001.fastq.gz,S9-M25-3_L001_R2_001.fastq.gz,S9,M25,3,25,MZ13,VA59,Hapmap3,Modern maize
126,S9-M26-1,S9-M26-1_L001_R1_001.fastq.gz,S9-M26-1_L001_R2_001.fastq.gz,S9,M26,1,26,MZ22,W182B,Hapmap3,Modern maize
127,S9-M26-2,S9-M26-2_L001_R1_001.fastq.gz,S9-M26-2_L001_R2_001.fastq.gz,S9,M26,2,26,MZ22,W182B,Hapmap3,Modern maize
128,S9-M26-3,S9-M26-3_L001_R1_001.fastq.gz,S9-M26-3_L001_R2_001.fastq.gz,S9,M26,3,26,MZ22,W182B,Hapmap3,Modern maize
129,S9-M3-1,S9-M3-1_L001_R1_001.fastq.gz,S9-M3-1_L001_R2_001.fastq.gz,S9,M3,1,3,MZ20,A680,Hapmap3,Modern maize
130,S9-M3-2,S9-M3-2_L001_R1_001.fastq.gz,S9-M3-2_L001_R2_001.fastq.gz,S9,M3,2,3,MZ20,A680,Hapmap3,Modern maize
131,S9-M3-3,S9-M3-3_L001_R1_001.fastq.gz,S9-M3-3_L001_R2_001.fastq.gz,S9,M3,3,3,MZ20,A680,Hapmap3,Modern maize
132,S9-M4-1,S9-M4-1_L001_R1_001.fastq.gz,S9-M4-1_L001_R2_001.fastq.gz,S9,M4,1,4,MZ1,B73,NAM Parents,Modern maize
133,S9-M5-1,S9-M5-1_L001_R1_001.fastq.gz,S9-M5-1_L001_R2_001.fastq.gz,S9,M5,1,5,MZ10,B97,NAM Parents,Modern maize
134,S9-M5-2,S9-M5-2_L001_R1_001.fastq.gz,S9-M5-2_L001_R2_001.fastq.gz,S9,M5,2,5,MZ10,B97,NAM Parents,Modern maize
135,S9-M5-3,S9-M5-3_L001_R1_001.fastq.gz,S9-M5-3_L001_R2_001.fastq.gz,S9,M5,3,5,MZ10,B97,NAM Parents,Modern maize
136,S9-M6-1,S9-M6-1_L001_R1_001.fastq.gz,S9-M6-1_L001_R2_001.fastq.gz,S9,M6,1,6,MZ25,B164,Hapmap3,Modern maize
137,S9-M6-2,S9-M6-2_L001_R1_001.fastq.gz,S9-M6-2_L001_R2_001.fastq.gz,S9,M6,2,6,MZ25,B164,Hapmap3,Modern maize
138,S9-M6-3,S9-M6-3_L001_R1_001.fastq.gz,S9-M6-3_L001_R2_001.fastq.gz,S9,M6,3,6,MZ25,B164,Hapmap3,Modern maize
139,S9-M7-1,S9-M7-1_L001_R1_001.fastq.gz,S9-M7-1_L001_R2_001.fastq.gz,S9,M7,1,7,MZ26,C49A,Hapmap3,Modern maize
140,S9-M7-2,S9-M7-2_L001_R1_001.fastq.gz,S9-M7-2_L001_R2_001.fastq.gz,S9,M7,2,7,MZ26,C49A,Hapmap3,Modern maize
141,S9-M7-3,S9-M7-3_L001_R1_001.fastq.gz,S9-M7-3_L001_R2_001.fastq.gz,S9,M7,3,7,MZ26,C49A,Hapmap3,Modern maize
142,S9-M8-1,S9-M8-1_L001_R1_001.fastq.gz,S9-M8-1_L001_R2_001.fastq.gz,S9,M8,1,8,MZ24,CML91,Hapmap3,Modern maize
143,S9-M8-2,S9-M8-2_L001_R1_001.fastq.gz,S9-M8-2_L001_R2_001.fastq.gz,S9,M8,2,8,MZ24,CML91,Hapmap3,Modern maize
144,S9-M8-3,S9-M8-3_L001_R1_001.fastq.gz,S9-M8-3_L001_R2_001.fastq.gz,S9,M8,3,8,MZ24,CML91,Hapmap3,Modern maize
145,S9-M9-1,S9-M9-1_L001_R1_001.fastq.gz,S9-M9-1_L001_R2_001.fastq.gz,S9,M9,1,9,MZ14,H95,Hapmap3,Modern maize
146,S9-M9-2,S9-M9-2_L001_R1_001.fastq.gz,S9-M9-2_L001_R2_001.fastq.gz,S9,M9,2,9,MZ14,H95,Hapmap3,Modern maize
147,S9-M9-3,S9-M9-3_L001_R1_001.fastq.gz,S9-M9-3_L001_R2_001.fastq.gz,S9,M9,3,9,MZ14,H95,Hapmap3,Modern maize
148,S9-T52-1,S9-T52-1_L001_R1_001.fastq.gz,S9-T52-1_L001_R2_001.fastq.gz,S9,T52,1,52,,Ames 21785,,Teosinte
149,S9-T52-2,S9-T52-2_L001_R1_001.fastq.gz,S9-T52-2_L001_R2_001.fastq.gz,S9,T52,2,52,,Ames 21785,,Teosinte
150,S9-T52-3,S9-T52-3_L001_R1_001.fastq.gz,S9-T52-3_L001_R2_001.fastq.gz,S9,T52,3,52,,Ames 21785,,Teosinte
151,S9-T53-1,S9-T53-1_L001_R1_001.fastq.gz,S9-T53-1_L001_R2_001.fastq.gz,S9,T53,1,53,,Ames 21786,,Teosinte
152,S9-T53-2,S9-T53-2_L001_R1_001.fastq.gz,S9-T53-2_L001_R2_001.fastq.gz,S9,T53,2,53,,Ames 21786,,Teosinte
153,S9-T53-3,S9-T53-3_L001_R1_001.fastq.gz,S9-T53-3_L001_R2_001.fastq.gz,S9,T53,3,53,,Ames 21786,,Teosinte
154,S9-T54-1,S9-T54-1_L001_R1_001.fastq.gz,S9-T54-1_L001_R2_001.fastq.gz,S9,T54,1,54,,Ames 21787,,Teosinte
155,S9-T54-2,S9-T54-2_L001_R1_001.fastq.gz,S9-T54-2_L001_R2_001.fastq.gz,S9,T54,2,54,,Ames 21787,,Teosinte
156,S9-T54-3,S9-T54-3_L001_R1_001.fastq.gz,S9-T54-3_L001_R2_001.fastq.gz,S9,T54,3,54,,Ames 21787,,Teosinte
157,S9-T55-1,S9-T55-1_L001_R1_001.fastq.gz,S9-T55-1_L001_R2_001.fastq.gz,S9,T55,1,55,,PI 566688,,Teosinte
158,S9-T55-2,S9-T55-2_L001_R1_001.fastq.gz,S9-T55-2_L001_R2_001.fastq.gz,S9,T55,2,55,,PI 566688,,Teosinte
159,S9-T55-3,S9-T55-3_L001_R1_001.fastq.gz,S9-T55-3_L001_R2_001.fastq.gz,S9,T55,3,55,,PI 566688,,Teosinte
160,S9-T56-1,S9-T56-1_L001_R1_001.fastq.gz,S9-T56-1_L001_R2_001.fastq.gz,S9,T56,1,56,,Ames 21789,,Teosinte
161,S9-T56-2,S9-T56-2_L001_R1_001.fastq.gz,S9-T56-2_L001_R2_001.fastq.gz,S9,T56,2,56,,Ames 21789,,Teosinte
162,S9-T56-3,S9-T56-3_L001_R1_001.fastq.gz,S9-T56-3_L001_R2_001.fastq.gz,S9,T56,3,56,,Ames 21789,,Teosinte
163,S9-T57-1,S9-T57-1_L001_R1_001.fastq.gz,S9-T57-1_L001_R2_001.fastq.gz,S9,T57,1,57,,Ames 21790,,Teosinte
164,S9-T57-2,S9-T57-2_L001_R1_001.fastq.gz,S9-T57-2_L001_R2_001.fastq.gz,S9,T57,2,57,,Ames 21790,,Teosinte
165,S9-T57-3,S9-T57-3_L001_R1_001.fastq.gz,S9-T57-3_L001_R2_001.fastq.gz,S9,T57,3,57,,Ames 21790,,Teosinte
166,S9-T58-1,S9-T58-1_L001_R1_001.fastq.gz,S9-T58-1_L001_R2_001.fastq.gz,S9,T58,1,58,,Ames 21793,,Teosinte
167,S9-T58-2,S9-T58-2_L001_R1_001.fastq.gz,S9-T58-2_L001_R2_001.fastq.gz,S9,T58,2,58,,Ames 21793,,Teosinte
168,S9-T58-3,S9-T58-3_L001_R1_001.fastq.gz,S9-T58-3_L001_R2_001.fastq.gz,S9,T58,3,58,,Ames 21793,,Teosinte
169,S9-T59-1,S9-T59-1_L001_R1_001.fastq.gz,S9-T59-1_L001_R2_001.fastq.gz,S9,T59,1,59,,Ames 21796,,Teosinte
170,S9-T59-2,S9-T59-2_L001_R1_001.fastq.gz,S9-T59-2_L001_R2_001.fastq.gz,S9,T59,2,59,,Ames 21796,,Teosinte
171,S9-T59-3,S9-T59-3_L001_R1_001.fastq.gz,S9-T59-3_L001_R2_001.fastq.gz,S9,T59,3,59,,Ames 21796,,Teosinte
172,S9-T60-1,S9-T60-1_L001_R1_001.fastq.gz,S9-T60-1_L001_R2_001.fastq.gz,S9,T60,1,60,,Ames 21797,,Teosinte
173,S9-T60-2,S9-T60-2_L001_R1_001.fastq.gz,S9-T60-2_L001_R2_001.fastq.gz,S9,T60,2,60,,Ames 21797,,Teosinte
174,S9-T60-3,S9-T60-3_L001_R1_001.fastq.gz,S9-T60-3_L001_R2_001.fastq.gz,S9,T60,3,60,,Ames 21797,,Teosinte
175,S9-T61-1,S9-T61-1_L001_R1_001.fastq.gz,S9-T61-1_L001_R2_001.fastq.gz,S9,T61,1,61,,Ames 21798,,Teosinte
176,S9-T61-2,S9-T61-2_L001_R1_001.fastq.gz,S9-T61-2_L001_R2_001.fastq.gz,S9,T61,2,61,,Ames 21798,,Teosinte
177,S9-T61-3,S9-T61-3_L001_R1_001.fastq.gz,S9-T61-3_L001_R2_001.fastq.gz,S9,T61,3,61,,Ames 21798,,Teosinte
178,S9-T62-1,S9-T62-1_L001_R1_001.fastq.gz,S9-T62-1_L001_R2_001.fastq.gz,S9,T62,1,62,,Ames 21799,,Teosinte
179,S9-T62-2,S9-T62-2_L001_R1_001.fastq.gz,S9-T62-2_L001_R2_001.fastq.gz,S9,T62,2,62,,Ames 21799,,Teosinte
180,S9-T62-3,S9-T62-3_L001_R1_001.fastq.gz,S9-T62-3_L001_R2_001.fastq.gz,S9,T62,3,62,,Ames 21799,,Teosinte
181,S9-T63-1,S9-T63-1_L001_R1_001.fastq.gz,S9-T63-1_L001_R2_001.fastq.gz,S9,T63,1,63,,Ames 21800,,Teosinte
182,S9-T63-2,S9-T63-2_L001_R1_001.fastq.gz,S9-T63-2_L001_R2_001.fastq.gz,S9,T63,2,63,,Ames 21800,,Teosinte
183,S9-T63-3,S9-T63-3_L001_R1_001.fastq.gz,S9-T63-3_L001_R2_001.fastq.gz,S9,T63,3,63,,Ames 21800,,Teosinte
184,S9-T64-1,S9-T64-1_L001_R1_001.fastq.gz,S9-T64-1_L001_R2_001.fastq.gz,S9,T64,1,64,,Ames 21801,,Teosinte
185,S9-T64-2,S9-T64-2_L001_R1_001.fastq.gz,S9-T64-2_L001_R2_001.fastq.gz,S9,T64,2,64,,Ames 21801,,Teosinte
186,S9-T64-3,S9-T64-3_L001_R1_001.fastq.gz,S9-T64-3_L001_R2_001.fastq.gz,S9,T64,3,64,,Ames 21801,,Teosinte
187,S9-T65-1,S9-T65-1_L001_R1_001.fastq.gz,S9-T65-1_L001_R2_001.fastq.gz,S9,T65,1,65,,Ames 21802,,Teosinte
188,S9-T65-2,S9-T65-2_L001_R1_001.fastq.gz,S9-T65-2_L001_R2_001.fastq.gz,S9,T65,2,65,,Ames 21802,,Teosinte
189,S9-T65-3,S9-T65-3_L001_R1_001.fastq.gz,S9-T65-3_L001_R2_001.fastq.gz,S9,T65,3,65,,Ames 21802,,Teosinte
190,S9-T66-1,S9-T66-1_L001_R1_001.fastq.gz,S9-T66-1_L001_R2_001.fastq.gz,S9,T66,1,66,,Ames 21803,,Teosinte
191,S9-T66-2,S9-T66-2_L001_R1_001.fastq.gz,S9-T66-2_L001_R2_001.fastq.gz,S9,T66,2,66,,Ames 21803,,Teosinte
192,S9-T66-3,S9-T66-3_L001_R1_001.fastq.gz,S9-T66-3_L001_R2_001.fastq.gz,S9,T66,3,66,,Ames 21803,,Teosinte
193,S9-T67-1,S9-T67-1_L001_R1_001.fastq.gz,S9-T67-1_L001_R2_001.fastq.gz,S9,T67,1,67,,Ames 21809,,Teosinte
194,S9-T67-2,S9-T67-2_L001_R1_001.fastq.gz,S9-T67-2_L001_R2_001.fastq.gz,S9,T67,2,67,,Ames 21809,,Teosinte
195,S9-T67-3,S9-T67-3_L001_R1_001.fastq.gz,S9-T67-3_L001_R2_001.fastq.gz,S9,T67,3,67,,Ames 21809,,Teosinte
196,S9-T68-1,S9-T68-1_L001_R1_001.fastq.gz,S9-T68-1_L001_R2_001.fastq.gz,S9,T68,1,68,,Ames 21826,,Teosinte
197,S9-T68-2,S9-T68-2_L001_R1_001.fastq.gz,S9-T68-2_L001_R2_001.fastq.gz,S9,T68,2,68,,Ames 21826,,Teosinte
198,S9-T68-3,S9-T68-3_L001_R1_001.fastq.gz,S9-T68-3_L001_R2_001.fastq.gz,S9,T68,3,68,,Ames 21826,,Teosinte
199,S9-T69-1,S9-T69-1_L001_R1_001.fastq.gz,S9-T69-1_L001_R2_001.fastq.gz,S9,T69,1,69,,Ames 21828,,Teosinte
200,S9-T69-2,S9-T69-2_L001_R1_001.fastq.gz,S9-T69-2_L001_R2_001.fastq.gz,S9,T69,2,69,,Ames 21828,,Teosinte
201,S9-T69-3,S9-T69-3_L001_R1_001.fastq.gz,S9-T69-3_L001_R2_001.fastq.gz,S9,T69,3,69,,Ames 21828,,Teosinte
202,S9-T70-1,S9-T70-1_L001_R1_001.fastq.gz,S9-T70-1_L001_R2_001.fastq.gz,S9,T70,1,70,,Ames 21829,,Teosinte
203,S9-T70-2,S9-T70-2_L001_R1_001.fastq.gz,S9-T70-2_L001_R2_001.fastq.gz,S9,T70,2,70,,Ames 21829,,Teosinte
204,S9-T70-3,S9-T70-3_L001_R1_001.fastq.gz,S9-T70-3_L001_R2_001.fastq.gz,S9,T70,3,70,,Ames 21829,,Teosinte
205,S9-T71-1,S9-T71-1_L001_R1_001.fastq.gz,S9-T71-1_L001_R2_001.fastq.gz,S9,T71,1,71,,Ames 21830,,Teosinte
206,S9-T71-2,S9-T71-2_L001_R1_001.fastq.gz,S9-T71-2_L001_R2_001.fastq.gz,S9,T71,2,71,,Ames 21830,,Teosinte
207,S9-T71-3,S9-T71-3_L001_R1_001.fastq.gz,S9-T71-3_L001_R2_001.fastq.gz,S9,T71,3,71,,Ames 21830,,Teosinte
208,S9-T72-1,S9-T72-1_L001_R1_001.fastq.gz,S9-T72-1_L001_R2_001.fastq.gz,S9,T72,1,72,,Ames 21851,,Teosinte
209,S9-T72-2,S9-T72-2_L001_R1_001.fastq.gz,S9-T72-2_L001_R2_001.fastq.gz,S9,T72,2,72,,Ames 21851,,Teosinte
210,S9-T72-3,S9-T72-3_L001_R1_001.fastq.gz,S9-T72-3_L001_R2_001.fastq.gz,S9,T72,3,72,,Ames 21851,,Teosinte
211,S9-T73-1,S9-T73-1_L001_R1_001.fastq.gz,S9-T73-1_L001_R2_001.fastq.gz,S9,T73,1,73,,Ames 21860,,Teosinte
212,S9-T73-2,S9-T73-2_L001_R1_001.fastq.gz,S9-T73-2_L001_R2_001.fastq.gz,S9,T73,2,73,,Ames 21860,,Teosinte
213,S9-T73-3,S9-T73-3_L001_R1_001.fastq.gz,S9-T73-3_L001_R2_001.fastq.gz,S9,T73,3,73,,Ames 21860,,Teosinte
214,S9-T74-1,S9-T74-1_L001_R1_001.fastq.gz,S9-T74-1_L001_R2_001.fastq.gz,S9,T74,1,74,,PI 566673,,Teosinte
215,S9-T74-2,S9-T74-2_L001_R1_001.fastq.gz,S9-T74-2_L001_R2_001.fastq.gz,S9,T74,2,74,,PI 566673,,Teosinte
216,S9-T74-3,S9-T74-3_L001_R1_001.fastq.gz,S9-T74-3_L001_R2_001.fastq.gz,S9,T74,3,74,,PI 566673,,Teosinte
217,S9-T75-1,S9-T75-1_L001_R1_001.fastq.gz,S9-T75-1_L001_R2_001.fastq.gz,S9,T75,1,75,,PI5666677,,Teosinte
218,S9-T75-2,S9-T75-2_L001_R1_001.fastq.gz,S9-T75-2_L001_R2_001.fastq.gz,S9,T75,2,75,,PI5666677,,Teosinte
219,S9-T75-3,S9-T75-3_L001_R1_001.fastq.gz,S9-T75-3_L001_R2_001.fastq.gz,S9,T75,3,75,,PI5666677,,Teosinte
220,S9-T76-1,S9-T76-1_L001_R1_001.fastq.gz,S9-T76-1_L001_R2_001.fastq.gz,S9,T76,1,76,,Teo 8759,,Teosinte
221,S9-T76-2,S9-T76-2_L001_R1_001.fastq.gz,S9-T76-2_L001_R2_001.fastq.gz,S9,T76,2,76,,Teo 8759,,Teosinte
222,S9-T76-3,S9-T76-3_L001_R1_001.fastq.gz,S9-T76-3_L001_R2_001.fastq.gz,S9,T76,3,76,,Teo 8759,,Teosinte
223,S1-FBB0-1,S1-FBB0-1_L001_R1_001.fastq.gz,S1-FBB0-1_L001_R2_001.fastq.gz,S1,FBB0,1,,,,,FBB0
224,S1-FBB0-2,S1-FBB0-2_L001_R1_001.fastq.gz,S1-FBB0-2_L001_R2_001.fastq.gz,S1,FBB0,2,,,,,FBB0
225,S1-FBB0-3,S1-FBB0-3_L001_R1_001.fastq.gz,S1-FBB0-3_L001_R2_001.fastq.gz,S1,FBB0,3,,,,,FBB0
226,S1-FBB16-1,S1-FBB16-1_L001_R1_001.fastq.gz,S1-FBB16-1_L001_R2_001.fastq.gz,S1,FBB16,1,,,,,FBB16
227,S1-FBB16-2,S1-FBB16-2_L001_R1_001.fastq.gz,S1-FBB16-2_L001_R2_001.fastq.gz,S1,FBB16,2,,,,,FBB16
228,S1-FBB16-3,S1-FBB16-3_L001_R1_001.fastq.gz,S1-FBB16-3_L001_R2_001.fastq.gz,S1,FBB16,3,,,,,FBB16
229,S1-L27-1,S1-L27-1_L001_R1_001.fastq.gz,S1-L27-1_L001_R2_001.fastq.gz,S1,L27,1,27,LR1,AMES 8235,Xu et al. 2020,Landrace
230,S1-L27-2,S1-L27-2_L001_R1_001.fastq.gz,S1-L27-2_L001_R2_001.fastq.gz,S1,L27,2,27,LR1,AMES 8235,Xu et al. 2020,Landrace
231,S1-L27-3,S1-L27-3_L001_R1_001.fastq.gz,S1-L27-3_L001_R2_001.fastq.gz,S1,L27,3,27,LR1,AMES 8235,Xu et al. 2020,Landrace
232,S1-L28-1,S1-L28-1_L001_R1_001.fastq.gz,S1-L28-1_L001_R2_001.fastq.gz,S1,L28,1,28,LR17,AMES 21969,NA,Landrace
233,S1-L28-2,S1-L28-2_L001_R1_001.fastq.gz,S1-L28-2_L001_R2_001.fastq.gz,S1,L28,2,28,LR17,AMES 21969,NA,Landrace
234,S1-L28-3,S1-L28-3_L001_R1_001.fastq.gz,S1-L28-3_L001_R2_001.fastq.gz,S1,L28,3,28,LR17,AMES 21969,NA,Landrace
235,S1-L29-1,S1-L29-1_L001_R1_001.fastq.gz,S1-L29-1_L001_R2_001.fastq.gz,S1,L29,1,29,LR25,NSL 202125,NA,Landrace
236,S1-L29-2,S1-L29-2_L001_R1_001.fastq.gz,S1-L29-2_L001_R2_001.fastq.gz,S1,L29,2,29,LR25,NSL 202125,NA,Landrace
237,S1-L29-3,S1-L29-3_L001_R1_001.fastq.gz,S1-L29-3_L001_R2_001.fastq.gz,S1,L29,3,29,LR25,NSL 202125,NA,Landrace
238,S1-L30-1,S1-L30-1_L001_R1_001.fastq.gz,S1-L30-1_L001_R2_001.fastq.gz,S1,L30,1,30,LR18,NSL 30874,NA,Landrace
239,S1-L30-2,S1-L30-2_L001_R1_001.fastq.gz,S1-L30-2_L001_R2_001.fastq.gz,S1,L30,2,30,LR18,NSL 30874,NA,Landrace
240,S1-L30-3,S1-L30-3_L001_R1_001.fastq.gz,S1-L30-3_L001_R2_001.fastq.gz,S1,L30,3,30,LR18,NSL 30874,NA,Landrace
241,S1-L31-1,S1-L31-1_L001_R1_001.fastq.gz,S1-L31-1_L001_R2_001.fastq.gz,S1,L31,1,31,LR24,PI 167991,NA,Landrace
242,S1-L31-2,S1-L31-2_L001_R1_001.fastq.gz,S1-L31-2_L001_R2_001.fastq.gz,S1,L31,2,31,LR24,PI 167991,NA,Landrace
243,S1-L31-3,S1-L31-3_L001_R1_001.fastq.gz,S1-L31-3_L001_R2_001.fastq.gz,S1,L31,3,31,LR24,PI 167991,NA,Landrace
244,S1-L32-1,S1-L32-1_L001_R1_001.fastq.gz,S1-L32-1_L001_R2_001.fastq.gz,S1,L32,1,32,LR23,PI 168001,NA,Landrace
245,S1-L32-2,S1-L32-2_L001_R1_001.fastq.gz,S1-L32-2_L001_R2_001.fastq.gz,S1,L32,2,32,LR23,PI 168001,NA,Landrace
246,S1-L32-3,S1-L32-3_L001_R1_001.fastq.gz,S1-L32-3_L001_R2_001.fastq.gz,S1,L32,3,32,LR23,PI 168001,NA,Landrace
247,S1-L33-1,S1-L33-1_L001_R1_001.fastq.gz,S1-L33-1_L001_R2_001.fastq.gz,S1,L33,1,33,LR21,PI 170882,NA,Landrace
248,S1-L33-2,S1-L33-2_L001_R1_001.fastq.gz,S1-L33-2_L001_R2_001.fastq.gz,S1,L33,2,33,LR21,PI 170882,NA,Landrace
249,S1-L33-3,S1-L33-3_L001_R1_001.fastq.gz,S1-L33-3_L001_R2_001.fastq.gz,S1,L33,3,33,LR21,PI 170882,NA,Landrace
250,S1-L34-1,S1-L34-1_L001_R1_001.fastq.gz,S1-L34-1_L001_R2_001.fastq.gz,S1,L34,1,34,LR22,PI 183639,NA,Landrace
251,S1-L34-2,S1-L34-2_L001_R1_001.fastq.gz,S1-L34-2_L001_R2_001.fastq.gz,S1,L34,2,34,LR22,PI 183639,NA,Landrace
252,S1-L34-3,S1-L34-3_L001_R1_001.fastq.gz,S1-L34-3_L001_R2_001.fastq.gz,S1,L34,3,34,LR22,PI 183639,NA,Landrace
253,S1-L35-1,S1-L35-1_L001_R1_001.fastq.gz,S1-L35-1_L001_R2_001.fastq.gz,S1,L35,1,35,LR2,PI 620767,Xu et al. 2020,Landrace
254,S1-L35-2,S1-L35-2_L001_R1_001.fastq.gz,S1-L35-2_L001_R2_001.fastq.gz,S1,L35,2,35,LR2,PI 620767,Xu et al. 2020,Landrace
255,S1-L35-3,S1-L35-3_L001_R1_001.fastq.gz,S1-L35-3_L001_R2_001.fastq.gz,S1,L35,3,35,LR2,PI 620767,Xu et al. 2020,Landrace
256,S1-L36-1,S1-L36-1_L001_R1_001.fastq.gz,S1-L36-1_L001_R2_001.fastq.gz,S1,L36,1,36,LR3,PI 620773,Xu et al. 2020,Landrace
257,S1-L36-2,S1-L36-2_L001_R1_001.fastq.gz,S1-L36-2_L001_R2_001.fastq.gz,S1,L36,2,36,LR3,PI 620773,Xu et al. 2020,Landrace
258,S1-L36-3,S1-L36-3_L001_R1_001.fastq.gz,S1-L36-3_L001_R2_001.fastq.gz,S1,L36,3,36,LR3,PI 620773,Xu et al. 2020,Landrace
259,S1-L37-1,S1-L37-1_L001_R1_001.fastq.gz,S1-L37-1_L001_R2_001.fastq.gz,S1,L37,1,37,LR4,PI 620774,Xu et al. 2020,Landrace
260,S1-L37-2,S1-L37-2_L001_R1_001.fastq.gz,S1-L37-2_L001_R2_001.fastq.gz,S1,L37,2,37,LR4,PI 620774,Xu et al. 2020,Landrace
261,S1-L37-3,S1-L37-3_L001_R1_001.fastq.gz,S1-L37-3_L001_R2_001.fastq.gz,S1,L37,3,37,LR4,PI 620774,Xu et al. 2020,Landrace
262,S1-L38-1,S1-L38-1_L001_R1_001.fastq.gz,S1-L38-1_L001_R2_001.fastq.gz,S1,L38,1,38,LR5,PI 620785,Xu et al. 2020,Landrace
263,S1-L38-2,S1-L38-2_L001_R1_001.fastq.gz,S1-L38-2_L001_R2_001.fastq.gz,S1,L38,2,38,LR5,PI 620785,Xu et al. 2020,Landrace
264,S1-L38-3,S1-L38-3_L001_R1_001.fastq.gz,S1-L38-3_L001_R2_001.fastq.gz,S1,L38,3,38,LR5,PI 620785,Xu et al. 2020,Landrace
265,S1-L39-1,S1-L39-1_L001_R1_001.fastq.gz,S1-L39-1_L001_R2_001.fastq.gz,S1,L39,1,39,LR6,PI 620797,Xu et al. 2020,Landrace
266,S1-L39-2,S1-L39-2_L001_R1_001.fastq.gz,S1-L39-2_L001_R2_001.fastq.gz,S1,L39,2,39,LR6,PI 620797,Xu et al. 2020,Landrace
267,S1-L39-3,S1-L39-3_L001_R1_001.fastq.gz,S1-L39-3_L001_R2_001.fastq.gz,S1,L39,3,39,LR6,PI 620797,Xu et al. 2020,Landrace
268,S1-L40-1,S1-L40-1_L001_R1_001.fastq.gz,S1-L40-1_L001_R2_001.fastq.gz,S1,L40,1,40,LR7,PI 620819,Xu et al. 2020,Landrace
269,S1-L40-2,S1-L40-2_L001_R1_001.fastq.gz,S1-L40-2_L001_R2_001.fastq.gz,S1,L40,2,40,LR7,PI 620819,Xu et al. 2020,Landrace
270,S1-L40-3,S1-L40-3_L001_R1_001.fastq.gz,S1-L40-3_L001_R2_001.fastq.gz,S1,L40,3,40,LR7,PI 620819,Xu et al. 2020,Landrace
271,S1-L41-1,S1-L41-1_L001_R1_001.fastq.gz,S1-L41-1_L001_R2_001.fastq.gz,S1,L41,1,41,LR8,PI 620821,Xu et al. 2020,Landrace
272,S1-L41-2,S1-L41-2_L001_R1_001.fastq.gz,S1-L41-2_L001_R2_001.fastq.gz,S1,L41,2,41,LR8,PI 620821,Xu et al. 2020,Landrace
273,S1-L41-3,S1-L41-3_L001_R1_001.fastq.gz,S1-L41-3_L001_R2_001.fastq.gz,S1,L41,3,41,LR8,PI 620821,Xu et al. 2020,Landrace
274,S1-L42-1,S1-L42-1_L001_R1_001.fastq.gz,S1-L42-1_L001_R2_001.fastq.gz,S1,L42,1,42,LR9,PI 620834,Xu et al. 2020,Landrace
275,S1-L42-2,S1-L42-2_L001_R1_001.fastq.gz,S1-L42-2_L001_R2_001.fastq.gz,S1,L42,2,42,LR9,PI 620834,Xu et al. 2020,Landrace
276,S1-L42-3,S1-L42-3_L001_R1_001.fastq.gz,S1-L42-3_L001_R2_001.fastq.gz,S1,L42,3,42,LR9,PI 620834,Xu et al. 2020,Landrace
277,S1-L43-1,S1-L43-1_L001_R1_001.fastq.gz,S1-L43-1_L001_R2_001.fastq.gz,S1,L43,1,43,LR10,PI 620842,Xu et al. 2020,Landrace
278,S1-L43-2,S1-L43-2_L001_R1_001.fastq.gz,S1-L43-2_L001_R2_001.fastq.gz,S1,L43,2,43,LR10,PI 620842,Xu et al. 2020,Landrace
279,S1-L43-3,S1-L43-3_L001_R1_001.fastq.gz,S1-L43-3_L001_R2_001.fastq.gz,S1,L43,3,43,LR10,PI 620842,Xu et al. 2020,Landrace
280,S1-L44-1,S1-L44-1_L001_R1_001.fastq.gz,S1-L44-1_L001_R2_001.fastq.gz,S1,L44,1,44,LR11,PI 620846,Xu et al. 2020,Landrace
281,S1-L44-2,S1-L44-2_L001_R1_001.fastq.gz,S1-L44-2_L001_R2_001.fastq.gz,S1,L44,2,44,LR11,PI 620846,Xu et al. 2020,Landrace
282,S1-L44-3,S1-L44-3_L001_R1_001.fastq.gz,S1-L44-3_L001_R2_001.fastq.gz,S1,L44,3,44,LR11,PI 620846,Xu et al. 2020,Landrace
283,S1-L45-1,S1-L45-1_L001_R1_001.fastq.gz,S1-L45-1_L001_R2_001.fastq.gz,S1,L45,1,45,LR12,PI 620856,Xu et al. 2020,Landrace
284,S1-L45-2,S1-L45-2_L001_R1_001.fastq.gz,S1-L45-2_L001_R2_001.fastq.gz,S1,L45,2,45,LR12,PI 620856,Xu et al. 2020,Landrace
285,S1-L45-3,S1-L45-3_L001_R1_001.fastq.gz,S1-L45-3_L001_R2_001.fastq.gz,S1,L45,3,45,LR12,PI 620856,Xu et al. 2020,Landrace
286,S1-L46-1,S1-L46-1_L001_R1_001.fastq.gz,S1-L46-1_L001_R2_001.fastq.gz,S1,L46,1,46,LR13,PI 620859,Xu et al. 2020,Landrace
287,S1-L46-2,S1-L46-2_L001_R1_001.fastq.gz,S1-L46-2_L001_R2_001.fastq.gz,S1,L46,2,46,LR13,PI 620859,Xu et al. 2020,Landrace
288,S1-L46-3,S1-L46-3_L001_R1_001.fastq.gz,S1-L46-3_L001_R2_001.fastq.gz,S1,L46,3,46,LR13,PI 620859,Xu et al. 2020,Landrace
289,S1-L47-1,S1-L47-1_L001_R1_001.fastq.gz,S1-L47-1_L001_R2_001.fastq.gz,S1,L47,1,47,LR14,PI 620860,Xu et al. 2020,Landrace
290,S1-L47-2,S1-L47-2_L001_R1_001.fastq.gz,S1-L47-2_L001_R2_001.fastq.gz,S1,L47,2,47,LR14,PI 620860,Xu et al. 2020,Landrace
291,S1-L47-3,S1-L47-3_L001_R1_001.fastq.gz,S1-L47-3_L001_R2_001.fastq.gz,S1,L47,3,47,LR14,PI 620860,Xu et al. 2020,Landrace
292,S1-L48-1,S1-L48-1_L001_R1_001.fastq.gz,S1-L48-1_L001_R2_001.fastq.gz,S1,L48,1,48,LR15,PI 628503,Xu et al. 2020,Landrace
293,S1-L48-2,S1-L48-2_L001_R1_001.fastq.gz,S1-L48-2_L001_R2_001.fastq.gz,S1,L48,2,48,LR15,PI 628503,Xu et al. 2020,Landrace
294,S1-L48-3,S1-L48-3_L001_R1_001.fastq.gz,S1-L48-3_L001_R2_001.fastq.gz,S1,L48,3,48,LR15,PI 628503,Xu et al. 2020,Landrace
295,S1-L49-1,S1-L49-1_L001_R1_001.fastq.gz,S1-L49-1_L001_R2_001.fastq.gz,S1,L49,1,49,LR16,PI 628514,Xu et al. 2020,Landrace
296,S1-L49-2,S1-L49-2_L001_R1_001.fastq.gz,S1-L49-2_L001_R2_001.fastq.gz,S1,L49,2,49,LR16,PI 628514,Xu et al. 2020,Landrace
297,S1-L49-3,S1-L49-3_L001_R1_001.fastq.gz,S1-L49-3_L001_R2_001.fastq.gz,S1,L49,3,49,LR16,PI 628514,Xu et al. 2020,Landrace
298,S1-L50-1,S1-L50-1_L001_R1_001.fastq.gz,S1-L50-1_L001_R2_001.fastq.gz,S1,L50,1,50,LR19,PI 686064,NA,Landrace
299,S1-L50-2,S1-L50-2_L001_R1_001.fastq.gz,S1-L50-2_L001_R2_001.fastq.gz,S1,L50,2,50,LR19,PI 686064,NA,Landrace
300,S1-L50-3,S1-L50-3_L001_R1_001.fastq.gz,S1-L50-3_L001_R2_001.fastq.gz,S1,L50,3,50,LR19,PI 686064,NA,Landrace
301,S1-M1-1,S1-M1-1_L001_R1_001.fastq.gz,S1-M1-1_L001_R2_001.fastq.gz,S1,M1,1,1,MZ17,A619,Hapmap3,Modern maize
302,S1-M1-2,S1-M1-2_L001_R1_001.fastq.gz,S1-M1-2_L001_R2_001.fastq.gz,S1,M1,2,1,MZ17,A619,Hapmap3,Modern maize
303,S1-M1-3,S1-M1-3_L001_R1_001.fastq.gz,S1-M1-3_L001_R2_001.fastq.gz,S1,M1,3,1,MZ17,A619,Hapmap3,Modern maize
304,S1-M10-1,S1-M10-1_L001_R1_001.fastq.gz,S1-M10-1_L001_R2_001.fastq.gz,S1,M10,1,10,MZ4,Il14H,NAM Parents,Modern maize
305,S1-M10-2,S1-M10-2_L001_R1_001.fastq.gz,S1-M10-2_L001_R2_001.fastq.gz,S1,M10,2,10,MZ4,Il14H,NAM Parents,Modern maize
306,S1-M10-3,S1-M10-3_L001_R1_001.fastq.gz,S1-M10-3_L001_R2_001.fastq.gz,S1,M10,3,10,MZ4,Il14H,NAM Parents,Modern maize
307,S1-M13-1,S1-M13-1_L001_R1_001.fastq.gz,S1-M13-1_L001_R2_001.fastq.gz,S1,M13,1,13,MZ6,M37W,NAM Parents,Modern maize
308,S1-M13-2,S1-M13-2_L001_R1_001.fastq.gz,S1-M13-2_L001_R2_001.fastq.gz,S1,M13,2,13,MZ6,M37W,NAM Parents,Modern maize
309,S1-M13-3,S1-M13-3_L001_R1_001.fastq.gz,S1-M13-3_L001_R2_001.fastq.gz,S1,M13,3,13,MZ6,M37W,NAM Parents,Modern maize
310,S1-M14-1,S1-M14-1_L001_R1_001.fastq.gz,S1-M14-1_L001_R2_001.fastq.gz,S1,M14,1,14,MZ7,M162W,NAM Parents,Modern maize
311,S1-M14-2,S1-M14-2_L001_R1_001.fastq.gz,S1-M14-2_L001_R2_001.fastq.gz,S1,M14,2,14,MZ7,M162W,NAM Parents,Modern maize
312,S1-M14-3,S1-M14-3_L001_R1_001.fastq.gz,S1-M14-3_L001_R2_001.fastq.gz,S1,M14,3,14,MZ7,M162W,NAM Parents,Modern maize
313,S1-M15-1,S1-M15-1_L001_R1_001.fastq.gz,S1-M15-1_L001_R2_001.fastq.gz,S1,M15,1,15,MZ9,Mo18W,NAM Parents,Modern maize
314,S1-M15-2,S1-M15-2_L001_R1_001.fastq.gz,S1-M15-2_L001_R2_001.fastq.gz,S1,M15,2,15,MZ9,Mo18W,NAM Parents,Modern maize
315,S1-M15-3,S1-M15-3_L001_R1_001.fastq.gz,S1-M15-3_L001_R2_001.fastq.gz,S1,M15,3,15,MZ9,Mo18W,NAM Parents,Modern maize
316,S1-M16-1,S1-M16-1_L001_R1_001.fastq.gz,S1-M16-1_L001_R2_001.fastq.gz,S1,M16,1,16,MZ11,Ms71,NAM Parents,Modern maize
317,S1-M16-2,S1-M16-2_L001_R1_001.fastq.gz,S1-M16-2_L001_R2_001.fastq.gz,S1,M16,2,16,MZ11,Ms71,NAM Parents,Modern maize
318,S1-M16-3,S1-M16-3_L001_R1_001.fastq.gz,S1-M16-3_L001_R2_001.fastq.gz,S1,M16,3,16,MZ11,Ms71,NAM Parents,Modern maize
319,S1-M17-1,S1-M17-1_L001_R1_001.fastq.gz,S1-M17-1_L001_R2_001.fastq.gz,S1,M17,1,17,MZ23,MS153,Hapmap3,Modern maize
320,S1-M17-2,S1-M17-2_L001_R1_001.fastq.gz,S1-M17-2_L001_R2_001.fastq.gz,S1,M17,2,17,MZ23,MS153,Hapmap3,Modern maize
321,S1-M17-3,S1-M17-3_L001_R1_001.fastq.gz,S1-M17-3_L001_R2_001.fastq.gz,S1,M17,3,17,MZ23,MS153,Hapmap3,Modern maize
322,S1-M18-1,S1-M18-1_L001_R1_001.fastq.gz,S1-M18-1_L001_R2_001.fastq.gz,S1,M18,1,18,MZ15,Mt42,Hapmap3,Modern maize
323,S1-M18-2,S1-M18-2_L001_R1_001.fastq.gz,S1-M18-2_L001_R2_001.fastq.gz,S1,M18,2,18,MZ15,Mt42,Hapmap3,Modern maize
324,S1-M18-3,S1-M18-3_L001_R1_001.fastq.gz,S1-M18-3_L001_R2_001.fastq.gz,S1,M18,3,18,MZ15,Mt42,Hapmap3,Modern maize
325,S1-M19-1,S1-M19-1_L001_R1_001.fastq.gz,S1-M19-1_L001_R2_001.fastq.gz,S1,M19,1,19,MZ16,NC222,Hapmap3,Modern maize
326,S1-M19-2,S1-M19-2_L001_R1_001.fastq.gz,S1-M19-2_L001_R2_001.fastq.gz,S1,M19,2,19,MZ16,NC222,Hapmap3,Modern maize
327,S1-M19-3,S1-M19-3_L001_R1_001.fastq.gz,S1-M19-3_L001_R2_001.fastq.gz,S1,M19,3,19,MZ16,NC222,Hapmap3,Modern maize
328,S1-M2-1,S1-M2-1_L001_R1_001.fastq.gz,S1-M2-1_L001_R2_001.fastq.gz,S1,M2,1,2,MZ21,A635,Hapmap3,Modern maize
329,S1-M2-2,S1-M2-2_L001_R1_001.fastq.gz,S1-M2-2_L001_R2_001.fastq.gz,S1,M2,2,2,MZ21,A635,Hapmap3,Modern maize
330,S1-M2-3,S1-M2-3_L001_R1_001.fastq.gz,S1-M2-3_L001_R2_001.fastq.gz,S1,M2,3,2,MZ21,A635,Hapmap3,Modern maize
331,S1-M20-1,S1-M20-1_L001_R1_001.fastq.gz,S1-M20-1_L001_R2_001.fastq.gz,S1,M20,1,20,MZ12,NC230,Hapmap3,Modern maize
332,S1-M20-2,S1-M20-2_L001_R1_001.fastq.gz,S1-M20-2_L001_R2_001.fastq.gz,S1,M20,2,20,MZ12,NC230,Hapmap3,Modern maize
333,S1-M20-3,S1-M20-3_L001_R1_001.fastq.gz,S1-M20-3_L001_R2_001.fastq.gz,S1,M20,3,20,MZ12,NC230,Hapmap3,Modern maize
334,S1-M21-1,S1-M21-1_L001_R1_001.fastq.gz,S1-M21-1_L001_R2_001.fastq.gz,S1,M21,1,21,MZ8,NC358,NAM Parents,Modern maize
335,S1-M21-2,S1-M21-2_L001_R1_001.fastq.gz,S1-M21-2_L001_R2_001.fastq.gz,S1,M21,2,21,MZ8,NC358,NAM Parents,Modern maize
336,S1-M21-3,S1-M21-3_L001_R1_001.fastq.gz,S1-M21-3_L001_R2_001.fastq.gz,S1,M21,3,21,MZ8,NC358,NAM Parents,Modern maize
337,S1-M22-1,S1-M22-1_L001_R1_001.fastq.gz,S1-M22-1_L001_R2_001.fastq.gz,S1,M22,1,22,MZ3,Oh7B,NAM Parents,Modern maize
338,S1-M22-2,S1-M22-2_L001_R1_001.fastq.gz,S1-M22-2_L001_R2_001.fastq.gz,S1,M22,2,22,MZ3,Oh7B,NAM Parents,Modern maize
339,S1-M22-3,S1-M22-3_L001_R1_001.fastq.gz,S1-M22-3_L001_R2_001.fastq.gz,S1,M22,3,22,MZ3,Oh7B,NAM Parents,Modern maize
340,S1-M23-1,S1-M23-1_L001_R1_001.fastq.gz,S1-M23-1_L001_R2_001.fastq.gz,S1,M23,1,23,MZ2,Oh43,NAM Parents,Modern maize
341,S1-M23-2,S1-M23-2_L001_R1_001.fastq.gz,S1-M23-2_L001_R2_001.fastq.gz,S1,M23,2,23,MZ2,Oh43,NAM Parents,Modern maize
342,S1-M23-3,S1-M23-3_L001_R1_001.fastq.gz,S1-M23-3_L001_R2_001.fastq.gz,S1,M23,3,23,MZ2,Oh43,NAM Parents,Modern maize
343,S1-M24-1,S1-M24-1_L001_R1_001.fastq.gz,S1-M24-1_L001_R2_001.fastq.gz,S1,M24,1,24,MZ18,VA22,Hapmap3,Modern maize
344,S1-M24-2,S1-M24-2_L001_R1_001.fastq.gz,S1-M24-2_L001_R2_001.fastq.gz,S1,M24,2,24,MZ18,VA22,Hapmap3,Modern maize
345,S1-M25-1,S1-M25-1_L001_R1_001.fastq.gz,S1-M25-1_L001_R2_001.fastq.gz,S1,M25,1,25,MZ13,VA59,Hapmap3,Modern maize
346,S1-M25-2,S1-M25-2_L001_R1_001.fastq.gz,S1-M25-2_L001_R2_001.fastq.gz,S1,M25,2,25,MZ13,VA59,Hapmap3,Modern maize
347,S1-M25-3,S1-M25-3_L001_R1_001.fastq.gz,S1-M25-3_L001_R2_001.fastq.gz,S1,M25,3,25,MZ13,VA59,Hapmap3,Modern maize
348,S1-M26-1,S1-M26-1_L001_R1_001.fastq.gz,S1-M26-1_L001_R2_001.fastq.gz,S1,M26,1,26,MZ22,W182B,Hapmap3,Modern maize
349,S1-M26-2,S1-M26-2_L001_R1_001.fastq.gz,S1-M26-2_L001_R2_001.fastq.gz,S1,M26,2,26,MZ22,W182B,Hapmap3,Modern maize
350,S1-M26-3,S1-M26-3_L001_R1_001.fastq.gz,S1-M26-3_L001_R2_001.fastq.gz,S1,M26,3,26,MZ22,W182B,Hapmap3,Modern maize
351,S1-M3-1,S1-M3-1_L001_R1_001.fastq.gz,S1-M3-1_L001_R2_001.fastq.gz,S1,M3,1,3,MZ20,A680,Hapmap3,Modern maize
352,S1-M3-2,S1-M3-2_L001_R1_001.fastq.gz,S1-M3-2_L001_R2_001.fastq.gz,S1,M3,2,3,MZ20,A680,Hapmap3,Modern maize
353,S1-M3-3,S1-M3-3_L001_R1_001.fastq.gz,S1-M3-3_L001_R2_001.fastq.gz,S1,M3,3,3,MZ20,A680,Hapmap3,Modern maize
354,S1-M4-1,S1-M4-1_L001_R1_001.fastq.gz,S1-M4-1_L001_R2_001.fastq.gz,S1,M4,1,4,MZ1,B73,NAM Parents,Modern maize
355,S1-M4-2,S1-M4-2_L001_R1_001.fastq.gz,S1-M4-2_L001_R2_001.fastq.gz,S1,M4,2,4,MZ1,B73,NAM Parents,Modern maize
356,S1-M4-3,S1-M4-3_L001_R1_001.fastq.gz,S1-M4-3_L001_R2_001.fastq.gz,S1,M4,3,4,MZ1,B73,NAM Parents,Modern maize
357,S1-M5-1,S1-M5-1_L001_R1_001.fastq.gz,S1-M5-1_L001_R2_001.fastq.gz,S1,M5,1,5,MZ10,B97,NAM Parents,Modern maize
358,S1-M5-2,S1-M5-2_L001_R1_001.fastq.gz,S1-M5-2_L001_R2_001.fastq.gz,S1,M5,2,5,MZ10,B97,NAM Parents,Modern maize
359,S1-M5-3,S1-M5-3_L001_R1_001.fastq.gz,S1-M5-3_L001_R2_001.fastq.gz,S1,M5,3,5,MZ10,B97,NAM Parents,Modern maize
360,S1-M6-1,S1-M6-1_L001_R1_001.fastq.gz,S1-M6-1_L001_R2_001.fastq.gz,S1,M6,1,6,MZ25,B164,Hapmap3,Modern maize
361,S1-M6-2,S1-M6-2_L001_R1_001.fastq.gz,S1-M6-2_L001_R2_001.fastq.gz,S1,M6,2,6,MZ25,B164,Hapmap3,Modern maize
362,S1-M6-3,S1-M6-3_L001_R1_001.fastq.gz,S1-M6-3_L001_R2_001.fastq.gz,S1,M6,3,6,MZ25,B164,Hapmap3,Modern maize
363,S1-M7-1,S1-M7-1_L001_R1_001.fastq.gz,S1-M7-1_L001_R2_001.fastq.gz,S1,M7,1,7,MZ26,C49A,Hapmap3,Modern maize
364,S1-M7-2,S1-M7-2_L001_R1_001.fastq.gz,S1-M7-2_L001_R2_001.fastq.gz,S1,M7,2,7,MZ26,C49A,Hapmap3,Modern maize
365,S1-M7-3,S1-M7-3_L001_R1_001.fastq.gz,S1-M7-3_L001_R2_001.fastq.gz,S1,M7,3,7,MZ26,C49A,Hapmap3,Modern maize
366,S1-M8-1,S1-M8-1_L001_R1_001.fastq.gz,S1-M8-1_L001_R2_001.fastq.gz,S1,M8,1,8,MZ24,CML91,Hapmap3,Modern maize
367,S1-M8-2,S1-M8-2_L001_R1_001.fastq.gz,S1-M8-2_L001_R2_001.fastq.gz,S1,M8,2,8,MZ24,CML91,Hapmap3,Modern maize
368,S1-M8-3,S1-M8-3_L001_R1_001.fastq.gz,S1-M8-3_L001_R2_001.fastq.gz,S1,M8,3,8,MZ24,CML91,Hapmap3,Modern maize
369,S1-M9-1,S1-M9-1_L001_R1_001.fastq.gz,S1-M9-1_L001_R2_001.fastq.gz,S1,M9,1,9,MZ14,H95,Hapmap3,Modern maize
370,S1-M9-2,S1-M9-2_L001_R1_001.fastq.gz,S1-M9-2_L001_R2_001.fastq.gz,S1,M9,2,9,MZ14,H95,Hapmap3,Modern maize
371,S1-M9-3,S1-M9-3_L001_R1_001.fastq.gz,S1-M9-3_L001_R2_001.fastq.gz,S1,M9,3,9,MZ14,H95,Hapmap3,Modern maize
372,S1-T52-1,S1-T52-1_L001_R1_001.fastq.gz,S1-T52-1_L001_R2_001.fastq.gz,S1,T52,1,52,,Ames 21785,,Teosinte
373,S1-T52-2,S1-T52-2_L001_R1_001.fastq.gz,S1-T52-2_L001_R2_001.fastq.gz,S1,T52,2,52,,Ames 21785,,Teosinte
374,S1-T52-3,S1-T52-3_L001_R1_001.fastq.gz,S1-T52-3_L001_R2_001.fastq.gz,S1,T52,3,52,,Ames 21785,,Teosinte
375,S1-T53-1,S1-T53-1_L001_R1_001.fastq.gz,S1-T53-1_L001_R2_001.fastq.gz,S1,T53,1,53,,Ames 21786,,Teosinte
376,S1-T53-2,S1-T53-2_L001_R1_001.fastq.gz,S1-T53-2_L001_R2_001.fastq.gz,S1,T53,2,53,,Ames 21786,,Teosinte
377,S1-T53-3,S1-T53-3_L001_R1_001.fastq.gz,S1-T53-3_L001_R2_001.fastq.gz,S1,T53,3,53,,Ames 21786,,Teosinte
378,S1-T54-1,S1-T54-1_L001_R1_001.fastq.gz,S1-T54-1_L001_R2_001.fastq.gz,S1,T54,1,54,,Ames 21787,,Teosinte
379,S1-T54-2,S1-T54-2_L001_R1_001.fastq.gz,S1-T54-2_L001_R2_001.fastq.gz,S1,T54,2,54,,Ames 21787,,Teosinte
380,S1-T54-3,S1-T54-3_L001_R1_001.fastq.gz,S1-T54-3_L001_R2_001.fastq.gz,S1,T54,3,54,,Ames 21787,,Teosinte
381,S1-T55-1,S1-T55-1_L001_R1_001.fastq.gz,S1-T55-1_L001_R2_001.fastq.gz,S1,T55,1,55,,PI 566688,,Teosinte
382,S1-T55-2,S1-T55-2_L001_R1_001.fastq.gz,S1-T55-2_L001_R2_001.fastq.gz,S1,T55,2,55,,PI 566688,,Teosinte
383,S1-T55-3,S1-T55-3_L001_R1_001.fastq.gz,S1-T55-3_L001_R2_001.fastq.gz,S1,T55,3,55,,PI 566688,,Teosinte
384,S1-T56-1,S1-T56-1_L001_R1_001.fastq.gz,S1-T56-1_L001_R2_001.fastq.gz,S1,T56,1,56,,Ames 21789,,Teosinte
385,S1-T56-2,S1-T56-2_L001_R1_001.fastq.gz,S1-T56-2_L001_R2_001.fastq.gz,S1,T56,2,56,,Ames 21789,,Teosinte
386,S1-T56-3,S1-T56-3_L001_R1_001.fastq.gz,S1-T56-3_L001_R2_001.fastq.gz,S1,T56,3,56,,Ames 21789,,Teosinte
387,S1-T57-1,S1-T57-1_L001_R1_001.fastq.gz,S1-T57-1_L001_R2_001.fastq.gz,S1,T57,1,57,,Ames 21790,,Teosinte
388,S1-T57-2,S1-T57-2_L001_R1_001.fastq.gz,S1-T57-2_L001_R2_001.fastq.gz,S1,T57,2,57,,Ames 21790,,Teosinte
389,S1-T57-3,S1-T57-3_L001_R1_001.fastq.gz,S1-T57-3_L001_R2_001.fastq.gz,S1,T57,3,57,,Ames 21790,,Teosinte
390,S1-T58-1,S1-T58-1_L001_R1_001.fastq.gz,S1-T58-1_L001_R2_001.fastq.gz,S1,T58,1,58,,Ames 21793,,Teosinte
391,S1-T58-2,S1-T58-2_L001_R1_001.fastq.gz,S1-T58-2_L001_R2_001.fastq.gz,S1,T58,2,58,,Ames 21793,,Teosinte
392,S1-T58-3,S1-T58-3_L001_R1_001.fastq.gz,S1-T58-3_L001_R2_001.fastq.gz,S1,T58,3,58,,Ames 21793,,Teosinte
393,S1-T59-1,S1-T59-1_L001_R1_001.fastq.gz,S1-T59-1_L001_R2_001.fastq.gz,S1,T59,1,59,,Ames 21796,,Teosinte
394,S1-T59-2,S1-T59-2_L001_R1_001.fastq.gz,S1-T59-2_L001_R2_001.fastq.gz,S1,T59,2,59,,Ames 21796,,Teosinte
395,S1-T59-3,S1-T59-3_L001_R1_001.fastq.gz,S1-T59-3_L001_R2_001.fastq.gz,S1,T59,3,59,,Ames 21796,,Teosinte
396,S1-T60-1,S1-T60-1_L001_R1_001.fastq.gz,S1-T60-1_L001_R2_001.fastq.gz,S1,T60,1,60,,Ames 21797,,Teosinte
397,S1-T60-2,S1-T60-2_L001_R1_001.fastq.gz,S1-T60-2_L001_R2_001.fastq.gz,S1,T60,2,60,,Ames 21797,,Teosinte
398,S1-T60-3,S1-T60-3_L001_R1_001.fastq.gz,S1-T60-3_L001_R2_001.fastq.gz,S1,T60,3,60,,Ames 21797,,Teosinte
399,S1-T61-1,S1-T61-1_L001_R1_001.fastq.gz,S1-T61-1_L001_R2_001.fastq.gz,S1,T61,1,61,,Ames 21798,,Teosinte
400,S1-T61-2,S1-T61-2_L001_R1_001.fastq.gz,S1-T61-2_L001_R2_001.fastq.gz,S1,T61,2,61,,Ames 21798,,Teosinte
401,S1-T61-3,S1-T61-3_L001_R1_001.fastq.gz,S1-T61-3_L001_R2_001.fastq.gz,S1,T61,3,61,,Ames 21798,,Teosinte
402,S1-T62-1,S1-T62-1_L001_R1_001.fastq.gz,S1-T62-1_L001_R2_001.fastq.gz,S1,T62,1,62,,Ames 21799,,Teosinte
403,S1-T62-2,S1-T62-2_L001_R1_001.fastq.gz,S1-T62-2_L001_R2_001.fastq.gz,S1,T62,2,62,,Ames 21799,,Teosinte
404,S1-T62-3,S1-T62-3_L001_R1_001.fastq.gz,S1-T62-3_L001_R2_001.fastq.gz,S1,T62,3,62,,Ames 21799,,Teosinte
405,S1-T63-1,S1-T63-1_L001_R1_001.fastq.gz,S1-T63-1_L001_R2_001.fastq.gz,S1,T63,1,63,,Ames 21800,,Teosinte
406,S1-T63-2,S1-T63-2_L001_R1_001.fastq.gz,S1-T63-2_L001_R2_001.fastq.gz,S1,T63,2,63,,Ames 21800,,Teosinte
407,S1-T63-3,S1-T63-3_L001_R1_001.fastq.gz,S1-T63-3_L001_R2_001.fastq.gz,S1,T63,3,63,,Ames 21800,,Teosinte
408,S1-T64-1,S1-T64-1_L001_R1_001.fastq.gz,S1-T64-1_L001_R2_001.fastq.gz,S1,T64,1,64,,Ames 21801,,Teosinte
409,S1-T64-2,S1-T64-2_L001_R1_001.fastq.gz,S1-T64-2_L001_R2_001.fastq.gz,S1,T64,2,64,,Ames 21801,,Teosinte
410,S1-T64-3,S1-T64-3_L001_R1_001.fastq.gz,S1-T64-3_L001_R2_001.fastq.gz,S1,T64,3,64,,Ames 21801,,Teosinte
411,S1-T65-1,S1-T65-1_L001_R1_001.fastq.gz,S1-T65-1_L001_R2_001.fastq.gz,S1,T65,1,65,,Ames 21802,,Teosinte
412,S1-T65-2,S1-T65-2_L001_R1_001.fastq.gz,S1-T65-2_L001_R2_001.fastq.gz,S1,T65,2,65,,Ames 21802,,Teosinte
413,S1-T65-3,S1-T65-3_L001_R1_001.fastq.gz,S1-T65-3_L001_R2_001.fastq.gz,S1,T65,3,65,,Ames 21802,,Teosinte
414,S1-T66-1,S1-T66-1_L001_R1_001.fastq.gz,S1-T66-1_L001_R2_001.fastq.gz,S1,T66,1,66,,Ames 21803,,Teosinte
415,S1-T66-2,S1-T66-2_L001_R1_001.fastq.gz,S1-T66-2_L001_R2_001.fastq.gz,S1,T66,2,66,,Ames 21803,,Teosinte
416,S1-T66-3,S1-T66-3_L001_R1_001.fastq.gz,S1-T66-3_L001_R2_001.fastq.gz,S1,T66,3,66,,Ames 21803,,Teosinte
417,S1-T67-1,S1-T67-1_L001_R1_001.fastq.gz,S1-T67-1_L001_R2_001.fastq.gz,S1,T67,1,67,,Ames 21809,,Teosinte
418,S1-T67-2,S1-T67-2_L001_R1_001.fastq.gz,S1-T67-2_L001_R2_001.fastq.gz,S1,T67,2,67,,Ames 21809,,Teosinte
419,S1-T67-3,S1-T67-3_L001_R1_001.fastq.gz,S1-T67-3_L001_R2_001.fastq.gz,S1,T67,3,67,,Ames 21809,,Teosinte
420,S1-T68-1,S1-T68-1_L001_R1_001.fastq.gz,S1-T68-1_L001_R2_001.fastq.gz,S1,T68,1,68,,Ames 21826,,Teosinte
421,S1-T68-2,S1-T68-2_L001_R1_001.fastq.gz,S1-T68-2_L001_R2_001.fastq.gz,S1,T68,2,68,,Ames 21826,,Teosinte
422,S1-T69-1,S1-T69-1_L001_R1_001.fastq.gz,S1-T69-1_L001_R2_001.fastq.gz,S1,T69,1,69,,Ames 21828,,Teosinte
423,S1-T69-2,S1-T69-2_L001_R1_001.fastq.gz,S1-T69-2_L001_R2_001.fastq.gz,S1,T69,2,69,,Ames 21828,,Teosinte
424,S1-T69-3,S1-T69-3_L001_R1_001.fastq.gz,S1-T69-3_L001_R2_001.fastq.gz,S1,T69,3,69,,Ames 21828,,Teosinte
425,S1-T70-1,S1-T70-1_L001_R1_001.fastq.gz,S1-T70-1_L001_R2_001.fastq.gz,S1,T70,1,70,,Ames 21829,,Teosinte
426,S1-T70-2,S1-T70-2_L001_R1_001.fastq.gz,S1-T70-2_L001_R2_001.fastq.gz,S1,T70,2,70,,Ames 21829,,Teosinte
427,S1-T70-3,S1-T70-3_L001_R1_001.fastq.gz,S1-T70-3_L001_R2_001.fastq.gz,S1,T70,3,70,,Ames 21829,,Teosinte
428,S1-T71-1,S1-T71-1_L001_R1_001.fastq.gz,S1-T71-1_L001_R2_001.fastq.gz,S1,T71,1,71,,Ames 21830,,Teosinte
429,S1-T71-2,S1-T71-2_L001_R1_001.fastq.gz,S1-T71-2_L001_R2_001.fastq.gz,S1,T71,2,71,,Ames 21830,,Teosinte
430,S1-T71-3,S1-T71-3_L001_R1_001.fastq.gz,S1-T71-3_L001_R2_001.fastq.gz,S1,T71,3,71,,Ames 21830,,Teosinte
431,S1-T72-1,S1-T72-1_L001_R1_001.fastq.gz,S1-T72-1_L001_R2_001.fastq.gz,S1,T72,1,72,,Ames 21851,,Teosinte
432,S1-T72-2,S1-T72-2_L001_R1_001.fastq.gz,S1-T72-2_L001_R2_001.fastq.gz,S1,T72,2,72,,Ames 21851,,Teosinte
433,S1-T72-3,S1-T72-3_L001_R1_001.fastq.gz,S1-T72-3_L001_R2_001.fastq.gz,S1,T72,3,72,,Ames 21851,,Teosinte
434,S1-T73-1,S1-T73-1_L001_R1_001.fastq.gz,S1-T73-1_L001_R2_001.fastq.gz,S1,T73,1,73,,Ames 21860,,Teosinte
435,S1-T73-2,S1-T73-2_L001_R1_001.fastq.gz,S1-T73-2_L001_R2_001.fastq.gz,S1,T73,2,73,,Ames 21860,,Teosinte
436,S1-T73-3,S1-T73-3_L001_R1_001.fastq.gz,S1-T73-3_L001_R2_001.fastq.gz,S1,T73,3,73,,Ames 21860,,Teosinte
437,S1-T74-1,S1-T74-1_L001_R1_001.fastq.gz,S1-T74-1_L001_R2_001.fastq.gz,S1,T74,1,74,,PI 566673,,Teosinte
438,S1-T74-2,S1-T74-2_L001_R1_001.fastq.gz,S1-T74-2_L001_R2_001.fastq.gz,S1,T74,2,74,,PI 566673,,Teosinte
439,S1-T74-3,S1-T74-3_L001_R1_001.fastq.gz,S1-T74-3_L001_R2_001.fastq.gz,S1,T74,3,74,,PI 566673,,Teosinte
440,S1-T75-1,S1-T75-1_L001_R1_001.fastq.gz,S1-T75-1_L001_R2_001.fastq.gz,S1,T75,1,75,,PI5666677,,Teosinte
441,S1-T75-2,S1-T75-2_L001_R1_001.fastq.gz,S1-T75-2_L001_R2_001.fastq.gz,S1,T75,2,75,,PI5666677,,Teosinte
442,S1-T75-3,S1-T75-3_L001_R1_001.fastq.gz,S1-T75-3_L001_R2_001.fastq.gz,S1,T75,3,75,,PI5666677,,Teosinte
443,S1-T76-1,S1-T76-1_L001_R1_001.fastq.gz,S1-T76-1_L001_R2_001.fastq.gz,S1,T76,1,76,,Teo 8759,,Teosinte
444,S1-T76-2,S1-T76-2_L001_R1_001.fastq.gz,S1-T76-2_L001_R2_001.fastq.gz,S1,T76,2,76,,Teo 8759,,Teosinte
445,S1-T76-3,S1-T76-3_L001_R1_001.fastq.gz,S1-T76-3_L001_R2_001.fastq.gz,S1,T76,3,76,,Teo 8759,,Teosinte